topology,throughput_delta_rps,throughput_delta_pct,p50_delta_ms,p50_delta_pct,p99_delta_ms,p99_delta_pct,worker1_agent_cpu_delta_pct,worker2_agent_cpu_delta_pct,worker1_node_cpu_delta_pct,worker2_node_cpu_delta_pct
local,1.5500000000000007,19.38%,2.91,n/a,1027.928,n/a,11.320999999999998,-0.4509999999999934,1.3840000000000003,-0.16600000000000037
remote,-50.633334000000104,-6.21%,-0.5419999999999998,-7.71%,-2.4549999999999983,-9.37%,14.473000000000013,-0.2440000000000282,1.7520000000000024,0.029000000000003467
